Avatric = salvia.renderer@gmail.com
gongminmin = minmin.gong@gmail.com
wuye9036 = wuye9036@gmail.com
WU Ye (wuye9036@gmail.com) = wuye9036@gmail.com
Bo.Schwarzstein@gmail.com = Bo.Schwarzstein@gmail.com
Bo Schwarzstein = Bo.Schwarzstein@gmail.com
ywu@shanghai2dt7p64.wumpus.name = wuye9036@gmail.com
Ye WU <wuye9036@gmail.com> = wuye9036@gmail.com
WU Ye <wuye9036@gmail.com> = wuye9036@gmail.com
Lightsky@Lightsky-PC = wuye9036@gmail.com
wuye@SHACNG024W40J.ads.autodesk.com = wuye9036@gmail.com
wuye9036@gmail.com = wuye9036@gmail.com
minmin.gong@gmail.com = minmin.gong@gmail.com
luckheadline = luckheadline@gmail.com
ywu = wuye9036@gmail.com
WU Ye(wuye9036@gmail.com) = wuye9036@gmail.com
WU Ye<wuye9036@gmail.com> = wuye9036@gmail.com
WU Ye = wuye9036@gmail.com
Lightsky = wuye9036@gmail.com
Ye Wu = wuye9036@gmail.com
minmin gong = minmin.gong@gmail.com
mybiosgg = mybiosgg@gmail.com